order_line_id,order_id,sku,ordered_qty,shipped_qty,unit_price,unit_cost,line_status,shipped_at,substituted_sku
SOL000000001,SO00000001,SKU000006,120,120,19.9900,11.2500,shipped_complete,2024-07-09 12:00:00,
SOL000000002,SO00000002,SKU000003,40,15,30.4900,19.2500,shipped_partial,2024-11-21 15:00:00,
SOL000000003,SO00000003,SKU000001,60,0,15.2900,8.7000,backordered,,
SOL000000004,SO00000004,SKU000007,8,8,71.4900,43.2500,substituted,2025-07-16 10:30:00,SKU000010
SOL000000005,SO00000005,SKU000004,36,0,57.9900,36.2500,backordered,,
SOL000000006,SO00000006,SKU000008,4,0,99.9900,62.5000,cancelled,,
SOL000000007,SO00000007,SKU000005,6,6,124.9900,77.0000,shipped_complete,2026-05-13 14:00:00,
SOL000000008,SO00000008,SKU000004,48,48,59.9900,37.5000,shipped_complete,2026-06-24 11:00:00,
SOL000000009,SO00000008,SKU000009,3,3,67.9900,38.0000,shipped_complete,2026-06-24 11:00:00,
